ID,Title,Category,Author,Slug,Publish_Date,Status,Word_Count,Read_Time,Tags,Hook,Content_Preview,Image_Main,Image_Inline,Views_Total,Views_This_Week,Social_Shares_Total,Instagram_Likes,Instagram_Comments,Instagram_Saves,TikTok_Views,TikTok_Likes,LinkedIn_Views,LinkedIn_Reactions,Traffic_Source_Social,Traffic_Source_Search,Traffic_Source_Direct,Time_On_Page_Avg,Bounce_Rate,What_Worked,What_Didnt_Work,Lessons_Learned,Next_Iteration_Ideas,Competitor_Response,ROI_Rating_1_10,Notes
001,Master Your Inbox Before It Masters You,hack,The Productivity Unit,master-email-inbox,2025-10-27,Published,808,5 min,email; productivity; organization; time-management; inbox-zero; efficiency,Your inbox is not a mailbox. It's a stress minefield. Every unread email is a small panic button waiting to explode your focus.,Your inbox is not a mailbox. It's a stress minefield. Every unread email is a sm,assets/images/main/001_man-zen_floating_email_neon.webp,assets/images/inline/001_man_surrounded_by_email_neon.webp,,,,,,,,,,,,,,,,,,,,,,
002,Unlock Peak Brain Power With Strategic Hydration,health,The Health Squad,hydrate-for-performance,2025-10-29,Published,867,5 min,hydration; cognitive-performance; brain-health; energy; focus; water,"Your brain is 75% water. Dehydrate it, and watch your intelligence drain away with every missed sip.","Your brain is 75% water. Dehydrate it, and watch your intelligence drain away wi",assets/images/main/002_womand_made_of_water_neon.webp,assets/images/inline/002_man_drinking_water_neon.webp,,,,,,,,,,,,,,,,,,,,,,
003,AI Tools to 10x Your Workflow,ai,The Tech Collective,ai-workflow-tools,2025-10-31,Published,809,5 min,ai; automation; productivity; workflow; efficiency; optimization,"While you're debating if AI will steal your job, smart operators are already using it to dominate their field.","While you're debating if AI will steal your job, smart operators are already usi",assets/images/main/003_futuristic_office_blue_holograms.webp,assets/images/inline/003_floating_blue_screens.webp,,,,,,,,,,,,,,,,,,,,,,
004,Build Unbreakable Mental Strength Through Micro Habits,health,The Health Squad,build-mental-strength-micro-habits,2025-11-03,Published,1109,6 min,discipline; habits; mental-strength; consistency; self-improvement; psychology,"Your discipline is weak because you're training wrong. Small daily actions build unbreakable mental strength, and this is how you do it.",Your discipline is weak because you're training wrong. Small daily actions build,assets/images/main/004_falling_domino_neon.webp,assets/images/inline/004_falling_domino.webp,,,,,,,,,,,,,,,,,,,,,,
005,Corporate Tax Escape Route,coins,The Money Crew,slash-bills,2025-11-05,Published,619,4 min,savings; budgeting; bills; negotiation; energy-efficiency; subscriptions,Still paying full price like an NPC? This money glitch cuts bills by 50% in one week.,"Your monthly bills are a slow-motion financial massacre. Internet, phone, insura",assets/images/main/005_computer_hero_shooting_dollarbill_monsterrs.webp,assets/images/inline/005_womand_holding_cracked_creditcard_neon.webp,,,,,,,,,,,,,,,,,,,,,,
006,Beat the Time Drain,hack,The Productivity Unit,steal-back-day,2025-11-07,Published,487,3 min,productivity; automation; time-management; email; social-media; focus,Tech giants profit when you scroll endlessly. Use their own tools against them to win back your day.,"Look, tech isn’t your friend. It’s like a glitchy 8-bit game that keeps pulling ",assets/images/main/006_analog_alarmclock.webp,assets/images/inline/006_red_neon_clock_.webp,,,,,,,,,,,,,,,,,,,,,,
007,Turn Mental Chaos Into Laser Focus,health,The Health Squad,meditate-like-pro,2025-11-10,Published,668,4 min,meditation; mental-training; breathing; focus; stress-management; cognitive-performance,"Overthinking is a bug, not a feature. Here's how top performers patch their minds for peak execution.","Your head's a mess, and it's costing you everything. You're lying awake, replayi",assets/images/main/007_portrait_man_vaporwave_style.webp,assets/images/inline/007_woman_red_blue_light.webp,,,,,,,,,,,,,,,,,,,,,,
008,Turn Junk Into Cash Using Your Phone,coins,The Money Crew,side-hustle-cash,2025-11-12,Published,640,4 min,side-hustle; income; freelancing; selling; entrepreneurship; gig-economy,"While others chase crypto dreams, smart people monetize what they already own. Your phone unlocks hidden cash everywhere.","36% of workers now freelance globally, but most earn under €100 monthly. Don’t b",assets/images/main/008_low-view-man-looking-his-phone-smile.webp,assets/images/inline/008_elderly-business-woman-grey-suit-using-phone-outdoors.webp,,,,,,,,,,,,,,,,,,,,,,
009,Build Habits That Actually Stick (No Motivational BS Required),hack,The Productivity Unit,lock-habits,2025-11-14,Published,650,4 min,habits; consistency; tracking; discipline; productivity; self-improvement,Your habits keep failing because you're using willpower instead of systems. Time to hack your brain's operating system.,66% of people fail at habits within the first month because they're building fan,assets/images/main/009_neonlit_brain_with_word_habits.webp,assets/images/inline/009_orange_neon_brain.webp,,,,,,,,,,,,,,,,,,,,,,
010,Quit the Juggling Act and Maximize Brain Power,hack,The Productivity Unit,stop-splitting-brain,2025-11-17,Published,649,4 min,multitasking; focus; cognitive-performance; productivity; attention; optimization,Multitasking is your brain's biggest performance killer. Elite minds figured out the single-focus cheat code years ago.,"Every time you multitask, your IQ drops. Not figuratively. Literally. Your brain",assets/images/main/010_hands_out_of_braind_grabbing_many_things_neon.webp,assets/images/inline/010_man_with_many_envelopes_in_head.webp,,,,,,,,,,,,,,,,,,,,,,
011,Turn Sleep Into Your Secret Weapon,health,The Health Squad,sleep-better-win,2025-11-19,Published,622,4 min,sleep; performance; recovery; energy; productivity; circadian-rhythm,Elite performers treat sleep like training. You treat it like optional DLC. Time to upgrade your recovery game.,"While you're doom scrolling at midnight, your competition is banking eight hours",assets/images/main/011_man_tried_in_bed.webp,assets/images/inline/011_young-girl-is-her-smartphone-bed-blue-illumination-room.webp,,,,,,,,,,,,,,,,,,,,,,
012,"Stop Fighting Writer's Block, Start Using AI",ai,The Tech Collective,ai-writing-assistant,2025-11-21,Published,525,3 min,ai; writing; productivity; automation; grammar; efficiency,Writing feels like grinding through a boss fight with no cheat codes. AI changes that completely.,Writing feels like grinding through a boss fight with no cheat codes. AI changes,assets/images/main/012_robot_on_typewriter.webp,assets/images/inline/012_robot_writing.webp,,,,,,,,,,,,,,,,,,,,,,
013,Turn Food Into All Day Energy,health,The Health Squad,eat-to-live,2025-11-24,Published,717,4 min,nutrition; energy; performance; blood-sugar; meal-planning; protein,"That energy crash during the day isn't normal. It's your breakfast punishing you eight hours later, and you're playing your nutrition game on hard mode for no reason.",That energy crash during the day isn't normal. It's your breakfast punishing you,assets/images/main/013_neon_fruit.webp,assets/images/inline/013_neon_fruit.webp,,,,,,,,,,,,,,,,,,,,,,
014,Invest Like You Mean It,coins,The Money Crew,invest-like-pro,2025-11-26,Published,734,4 min,investing; etf; discipline; finance; portfolio; dollar-cost-averaging,Your money's sitting in a savings account earning 0.5% or even less while inflation eats it alive. Time to put that cash to work before it becomes worthless paper.,Your money's sitting in a savings account earning 0.5% or even less while inflat,assets/images/main/014_woman_poker_table_throwing_money.webp,assets/images/inline/014_pokertabel_full_off_money_coins.webp,,,,,,,,,,,,,,,,,,,,,,
015,Stop Awkward Conversations and Unlock Social Cheat Codes,hack,The Productivity Unit,master-small-talk,2025-11-28,Published,874,5 min,communication; social-skills; networking; conversation; relationships; confidence,"While you're hiding in bathroom stalls at networking events, socially skilled people are building the connections that land promotions and partnerships.","While you're hiding in bathroom stalls at networking events, socially skilled pe",assets/images/main/015_group_of_girls_chatting.webp,assets/images/inline/015_group_of_people_chatting_in_arcade_room_.webp,,,,,,,,,,,,,,,,,,,,,,
016,"Stop Playing Social Media on Hard Mode, Automate Your Way to Victory",ai,The Tech Collective,ai-social-media,2025-12-01,Published,882,5 min,ai; social-media; automation; scheduling; content-creation; productivity,Your social media strategy is bleeding time while your competition automates their way to consistent engagement and growth.,Your social media strategy is bleeding time while your competition automates the,assets/images/main/016_conveyorbelt_ with_social_media_neon.webp,assets/images/inline/016_conveyorbelt_social_media_neon.webp,,,,,,,,,,,,,,,,,,,,,,
017,Build Real Running Stamina Without the Suffering,health,The Health Squad,run-smarter,2025-12-03,Published,679,4 min,running; fitness; endurance; training; consistency; sprints,You're gasping for air after one block because you're running like you're being chased by zombies. Time for a smarter approach that doesn't leave you wanting to quit forever.,You're gasping for air after one block because you're being chased by zombies. T,assets/images/main/017_running_shoes_ricardo_oliveira_neon.webp,assets/images/inline/017_close-up-athlete-tying-her-shoes.webp,,,,,,,,,,,,,,,,,,,,,,
018,"Ditch Debt, Gain Freedom",coins,The Money Crew,ditch-debt,2025-12-05,Published,645,4 min,debt; freedom; negotiation; finance; budgeting; repayment,Debt's a chain around your financial future. Time to break it before it breaks you.,Debt's a chain around your financial future. Time to break it before it breaks y,assets/images/main/018_mountainclimber_dropping_dept.webp,assets/images/inline/018_female_droping_debt_from_mountain_neon.webp,,,,,,,,,,,,,,,,,,,,,,
019,The Weekend Purge Challenge,hack,The Productivity Unit,declutter-life,2025-12-08,Published,785,4 min,decluttering; organization; minimalism; mental-clarity; productivity; simplicity,Your scattered belongings are scattering your thoughts. Two days to mental clarity and bring back peace in your life.,Your scattered belongings are scattering your thoughts. Two days to mental clari,assets/images/main/019_storageroom.webp,assets/images/inline/019_empty_room_neon_blue.webp,,,,,,,,,,,,,,,,,,,,,,
020,Beat the Job Hunt Boss Battle and Actually Get Interviews,ai,The Tech Collective,ai-job-hunting,2025-12-10,Published,711,4 min,ai; job-hunting; resume; career; networking; automation,"You've applied to 47 jobs and heard back from zero. Your resume is disappearing into applicant tracking systems that never see human eyes, like getting stuck in the character selection screen while everyone else is already playing.",You've applied to 47 jobs and heard back from zero. Your resume is disappearing ,assets/images/main/020_gamecharacter_jumping_over_file_cabinets.webp,assets/images/inline/020_youngproffesional_fighting_hr_boss.webp,,,,,,,,,,,,,,,,,,,,,,
021,Budget Like You Give a Damn,coins,The Money Crew,budget-like-you-give-damn,2025-12-12,Published,780,4 min,budgeting; savings; behavioral-finance; financial-planning; money-management; psychology,Your money vanishes into digital black holes while you pretend budgeting is just about finding loose change in your couch cushions.,Your money vanishes into digital black holes while you pretend budgeting is just,assets/images/main/021_piggy_bank_discoball.webp,assets/images/inline/021_piggy_bank_neon.webp,,,,,,,,,,,,,,,,,,,,,,
022,Your Brain's Overconfidence Glitch,hack,The Productivity Unit,overconfidence-bias,2025-12-15,Published,682,4 min,cognitive-bias; decision-making; planning; self-awareness; reality-check; psychology,Your brain's glitched and making you think you're the main character when you're stuck in tutorial mode.,Your brain's glitched and making you think you're the main character when you're,assets/images/main/022_man_in_mirror_confident_refection_poor.webp,assets/images/inline/022_man_on_cardhouse_confident.webp,,,,,,,,,,,,,,,,,,,,,,
023,"Predict the Future, Cash In First",ai,The Tech Collective,predict-future-cash-in-first,2025-12-17,Published,632,4 min,predictive-analytics; trend-analysis; competitive-intelligence; market-research; data-analysis; strategic-planning,"While others react to trends, smart operators predict them using data instead of gut feelings. The gap between followers and leaders isn't luck, it's systematic analysis that spots opportunities before they become obvious to your competition.","While others react to trends, smart operators predict them using data instead of",assets/images/main/023_crystal_ball_with_charts_inside_neon.webp,assets/images/inline/023_crystal_ball_chart.webp,,,,,,,,,,,,,,,,,,,,,,
024,"Smash the Screen Trap, Own Your Focus",hack,The Productivity Unit,smash-screen-trap-focus,2025-12-19,Draft,735,4 min,focus; productivity; cognitive-performance; attention; digital-minimalism; optimization,"Your brain's hijacked by algorithms designed to steal your attention. While you're scrolling, your competition is building.",Your brain's hijacked by algorithms designed to steal your attention. While you',assets/images/main/024_smash_phone_with_hammer.webp,assets/images/inline/024_phone_throwing_in_box.webp,,,,,,,,,,,,,,,,,,,,,,
025,Stop Being Everyone's Favorite Customer,coins,The Money Crew,stop-paying-stupid-tax,2025-12-22,Draft,876,5 min,negotiation; money; confidence; communication; finance; bargaining,Companies love customers who never complain or negotiate. Time to become their least profitable client instead.,Every price you accept without a fight is a stupid tax. Companies count on your ,assets/images/main/025_seller_buyer_fighting_for_discount.webp,assets/images/inline/025_two_men_fighting_for_discount.webp,,,,,,,,,,,,,,,,,,,,,,
026,"Quit Hoarding Courses, Forge Real Skills",hack,The Productivity Unit,stop-collecting-courses-start-building-skills,2025-12-24,Draft,316,2 min,learning; skill-building; productivity; focus; education; deliberate-practice,You've started learning something new seventeen times this year. Finished? Zero. Time to fix your broken approach to skill-building.,"You collect courses like trophies and never finish them. Udemy, Coursera, YouTub",assets/images/main/026_books_with_connected_brain.webp,assets/images/inline/026_brain_connected_to_book.webp,,,,,,,,,,,,,,,,,,,,,,
027,Your Body Is Your Machine: Feed It Right,health,The Health Squad,body-machine-nutrition,2025-12-26,Draft,994,5 min,nutrition; performance; strength; energy; recovery; whole-foods,Your body is a high-performance machine. You wouldn't put cheap gas in a Ferrari. Stop putting junk in yours.,Your body is a high-performance machine. You wouldn't put cheap gas in a Ferrari,assets/images/main/027_body_neon_wires.webp,assets/images/inline/027_neon_fruit.webp,,,,,,,,,,,,,,,,,,,,,,
028,Money Multiplier Hack,coins,The Money Crew,triple-cash-flow,2025-12-29,Draft,633,4 min,savings; budgeting; investing; expenses; automation; control,Stuck in tutorial mode? Here's how pros make bank.,"Look, I'm gonna be straight with you... your wallet's leaking like a broken fauc",assets/images/main/028_hands_on_keyboard_money.webp,assets/images/inline/028_golden_coins_stack.webp,,,,,,,,,,,,,,,,,,,,,,
029,"Revive Your Phone Battery, Kill the Dead Zone",hack,The Productivity Unit,phone-battery-resurrection,2025-12-31,Draft,721,4 min,battery; smartphone; optimization; charging; energy-saving; productivity,"Your phone's dying faster than your willpower, and every pointless charge costs you time and sanity.","Your phone's dying faster than your willpower, and every pointless charge costs ",assets/images/main/029_Phone_verloading.webp,assets/images/inline/029_phone_overheating.webp,,,,,,,,,,,,,,,,,,,,,,
030,Fix Your Focus: 3 Brain Hacks,hack,The Productivity Unit,fix-focus,2026-01-02,Draft,631,4 min,focus; productivity; pomodoro; workspace; neuroscience; notifications,Your mind's scattered like confetti in a hurricane. Time to get surgical.,Your mind's scattered like confetti in a hurricane. Time to get surgical.UC Irvi,assets/images/main/030_woman_blue-light-portrait-holding_gfinger_for_mouth.webp,assets/images/inline/030_young-man-with-circle-light-around-head.webp,,,,,,,,,,,,,,,,,,,,,,
031,Stop Sitting Yourself to Death,hack,The Productivity Unit,stand-up-level-up-work,2026-01-05,Draft,858,5 min,standing-desk; workplace-health; productivity; posture; movement; ergonomics,Your chair is slowly killing your productivity and your body. Time to stand up and fight back.,Your chair is slowly killing your productivity and your body. Time to stand up a,assets/images/main/031_bearded-gamer-streaching-before-streaming-seassion.webp,assets/images/inline/031_skeleton_sitting_deskchair.webp,,,,,,,,,,,,,,,,,,,,,,
032,Get Ripped Without Gym Fees,health,The Health Squad,muscle-no-gym,2026-01-07,Draft,810,5 min,bodyweight; strength; exercise; consistency; functional; fitness,Your gym membership is bleeding you dry for zero results. This bodyweight exploit breaks the fitness paywall.,Your body is a complete training facility that never closes. It never charges fe,assets/images/main/032_guy-boxing-stance-dark-room.webp,assets/images/inline/032_confident-female-boxer-looking-camera.webp,,,,,,,,,,,,,,,,,,,,,,
033,Speed Up Your Morning Routine,hack,The Productivity Unit,speed-morning-routine,2026-01-09,Draft,633,4 min,morning-routine; productivity; efficiency; time-management; planning; optimization,"Your morning's a disaster. Two minutes hunting for keys, ten minutes deciding what to wear, fifteen minutes scrolling your phone while coffee gets cold.","Your morning's a disaster. Two minutes hunting for keys, ten minutes deciding wh",assets/images/main/033_man_with_coffee_fast_neon.webp,assets/images/inline/033_Clock_like_a_rocket.webp,,,,,,,,,,,,,,,,,,,,,,
034,5 AI Tools That Actually Make You More Productive (Not Just Hype),ai,The Tech Collective,5-ai-tools-actually-productive,2026-01-12,Draft,1114,6 min,ai-tools; productivity; automation; workflow; technology; efficiency,Everyone's talking about AI productivity tools. Most are garbage. These 5 actually work.,Everyone's talking about AI productivity tools. Most are garbage. These 5 actual,assets/images/main/034_engineers_using_ai.webp,assets/images/inline/034_admin_using_ai-on-key-notebook_connect_with_wires.webp,,,,,,,,,,,,,,,,,,,,,,
035,Hack Your Biology With Light,health,The Health Squad,hack-biology-with-light,2026-01-14,Draft,993,5 min,circadian-rhythm; light-therapy; sleep; energy; productivity; health,"Your body's operating system runs on light. Get the timing wrong, and everything crashes.","For millions of years, humans evolved under natural light cycles. Your cells con",assets/images/main/035_beautiful_portrait_teenager_woman_behnd_artificial_sun.webp,assets/images/inline/035_neon_light_reflected_girl_glasses.webp,,,,,,,,,,,,,,,,,,,,,,
036,The 80/20 Hack That Doubles Your Output While Working Half the Hours,hack,The Productivity Unit,80-20-hack-doubles-output,2026-01-16,Draft,600,3 min,productivity; time-management; efficiency; prioritization; pareto-principle; optimization,Most of your work is completely useless. Here's how to identify the 20% that actually matters.,Most of your work is completely useless. Here's how to identify the 20% that act,assets/images/main/036_priority_chest_neon.webp,assets/images/inline/036_chest_with_priorities_neon.webp,,,,,,,,,,,,,,,,,,,,,,
037,"Stop Talking So Much, It's Destroying Your Health",health,The Health Squad,stop-talking-destroying-health,2026-01-19,Draft,839,5 min,stress-management; communication; mental-health; cortisol; social-stress; verbal-discipline,Your mouth is sabotaging your stress levels. Here's why talking less could save your sanity.,Your mouth is sabotaging your stress levels. Here's why talking less could save ,assets/images/main/037_man-with_silnece_finger_neon.webp,assets/images/inline/037_man_with_silence_finger.webp,,,,,,,,,,,,,,,,,,,,,,
038,Why You Stay Broke While Others Build Wealth Slowly,coins,The Money Crew,rich-slowly-vs-broke-forever,2026-01-21,Draft,746,4 min,wealth-building; compound-interest; financial-habits; investing; money-mindset; execution,"The difference between wealth and poverty isn't income. It's execution volume, compounding conviction, and zero tolerance for noise.","The difference between wealth and poverty isn't income. It's execution volume, c",assets/images/main/038_front_view_girl_holding_drink.webp,assets/images/inline/038_man_surrounded_by_temptations_of_wealth.webp,,,,,,,,,,,,,,,,,,,,,,
039,How You Can Make AI Work for Your Money,ai,The Tech Collective,make-ai-work-for-money,2026-01-23,Draft,1011,6 min,ai-automation; passive-income; side-hustles; chatbots; content-automation; digital-products,"While everyone's chasing AI hype, smart people are quietly automating income streams that work 24/7.","While everyone's chasing AI hype, smart people are quietly automating income str",assets/images/main/039_relaxing_person_ai_working.webp,assets/images/inline/039_relaxing_person_ai_working.webp,,,,,,,,,,,,,,,,,,,,,,
040,Caught in Mental Loops Again? Take Back Control,health,The Health Squad,mental-loops-take-back-control,2026-01-26,Draft,1298,7 min,mindfulness; stress-management; mental-clarity; present-moment; anxiety-reduction; cognitive-control,Your brain is stuck in stress loops because you're either replaying yesterday or rehearsing tomorrow. Here's how to break the cycle without the spiritual nonsense.,Your brain is stuck in stress loops because you're either replaying yesterday or,assets/images/main/040_man_zen_vaporware.jpg,assets/images/inline/040_man_zen_neon_outrunstyle.jpg,,,,,,,,,,,,,,,,,,,,,,
041,Stop Dressing Like You Don't Matter,hack,The Productivity Unit,stop-dressing-like-you-dont-matter,2026-01-28,Draft,1139,6 min,productivity; optimization; cognitive-enhancement; professional-development; systems; performance,"While you're optimizing productivity systems, your wardrobe is undermining everything. Here's how to hack your appearance for maximum impact.","While you're optimizing productivity systems, your wardrobe is undermining every",assets/images/main/041_well_dressed_confidence_success.jpg,assets/images/inline/041_clothing_psychology_mental_boost.jpg,,,,,,,,,,,,,,,,,,,,,,
042,Stop Letting One Account Run Your Entire Life,hack,The Money Crew,stop-one-account-running-life,2026-01-30,Draft,819,5 min,banking; automation; money-management; financial-systems; budgeting; optimization,"Each account has a job. If it's not working, fire it or reassign it. Here's how to build a financial system that runs itself.","Each account has a job. If it's not working, fire it or reassign it. Here's how ",assets/images/main/042_multiple_bank_accounts_system.jpg,assets/images/inline/042_bank_account_automation_workflow.jpg,,,,,,,,,,,,,,,,,,,,,,
043,Think Your Accounts Are Safe? Think Again,hack,The Tech Collective,hackers-already-inside-accounts,2026-02-02,Draft,985,5 min,cybersecurity; password-managers; two-factor-authentication; digital-privacy; online-safety; identity-theft,"While you're scrolling TikTok, someone's draining your bank account. Here's how to lock down your digital life before it's too late.","While you're scrolling TikTok, someone's draining your bank account. Here's how ",assets/images/main/043_man_with_figure_looking_over_shoulder.webp,assets/images/inline/043_man_uses_laptop_closeup_male_hands_neon_lighting.webp,,,,,,,,,,,,,,,,,,,,,,
044,Your Screen Time Is Breaking Your Body (Literally),health,The Health Squad,screen-time-breaking-body-literally,2026-02-04,Draft,1292,7 min,physical-health; ergonomics; posture; eye-strain; repetitive-stress; injury-prevention,"While you're grinding digital content, your body is taking massive damage. Here's how to heal and prevent permanent injury.","While you're grinding digital content, your body is taking massive damage. Here'",assets/images/main/044_screen_physical_damage_body.jpg,assets/images/inline/044_wrist_neck_posture_recovery.jpg,,,,,,,,,,,,,,,,,,,,,,
